requestID,requestCode,userID,createDate
1,L,0001,202301200327
2,O,0002,202303030024
3,L,0003,202309150042
4,O,0004,202311160939
5,O,0005,202304160907
6,L,0006,202308111437
7,O,0007,202312280341
8,L,0008,202304241028
9,O,0009,202312312155
10,O,0010,202303141017
11,L,0011,202310092219
12,O,0012,202311211922
13,O,0013,202312152324
14,L,0014,202302270614
15,L,0015,202305180353
16,L,0016,202309231742
17,O,0017,202306141322
18,O,0018,202301052249
19,L,0019,202303150108
20,O,0020,202309060817
21,O,0021,202302160313
22,L,0022,202304121032
23,O,0023,202302220327
24,O,0024,202303191845
25,O,0025,202310061308
26,L,0026,202308010856
27,L,0027,202303100333
28,O,0028,202304241116
29,L,0029,202303241417
30,L,0030,202307030156
31,L,0031,202306300422
32,O,0001,202311121737
33,O,0002,202312290724
34,O,0003,202301280617
35,O,0004,202306270447
36,O,0005,202307211029
37,O,0006,202302121213
38,O,0007,202303311750
39,L,0008,202308161305
40,O,0009,202308191557
41,L,0010,202305251726
42,O,0011,202311051955
43,L,0012,202307050534
44,L,0013,202301102242
45,L,0014,202312132119
46,L,0015,202310240848
47,O,0016,202311152333
48,L,0017,202304190808
49,L,0018,202310101447
50,O,0019,202301151545
51,O,0020,202310172214
52,L,0021,202309241643
53,O,0022,202309252142
54,O,0023,202305152200
55,O,0024,202306020643
56,O,0025,202308080136
57,L,0026,202308251803
58,O,0027,202312031644
59,O,0028,202309091131
60,L,0029,202310152013
61,O,0030,202310131641
62,L,0031,202310101455
63,O,0001,202309011322
64,O,0002,202309162344
65,O,0003,202306231840
66,O,0004,202308292117
67,L,0005,202304032016
68,O,0006,202311230141
69,O,0007,202309071744
70,L,0008,202312170943
71,O,0009,202301310103
72,O,0010,202312040430
73,O,0011,202310240414
74,O,0012,202302071555
75,O,0013,202308290031
76,O,0014,202307261039
77,L,0015,202310300550
78,O,0016,202308231454
79,O,0017,202310051448
80,O,0018,202309010309
81,O,0019,202310232244
82,L,0020,202305301935
83,O,0021,202307022331
84,O,0022,202310310644
85,L,0023,202304111218
86,O,0024,202310030509
87,L,0025,202311061109
88,L,0026,202304282138
89,L,0027,202307042251
90,L,0028,202309202330
91,O,0029,202302170056
92,L,0030,202312182226
93,O,0031,202302280949
94,O,0001,202305130836
95,O,0002,202306140311
96,O,0003,202304130717
97,O,0004,202304121336
98,O,0005,202310070058
99,L,0006,202301081608
100,O,0007,202307090950
101,O,0008,202309021752
102,O,0009,202301261050
103,O,0010,202304162112
104,O,0011,202311191729
105,L,0012,202303102122
106,L,0013,202308180850
107,O,0014,202303292326
108,O,0015,202312040556
109,L,0016,202305212156
110,O,0017,202301080324
111,L,0018,202311241108
112,O,0019,202311141312
113,O,0020,202306160642
114,L,0021,202310290828
115,O,0022,202308030434
116,L,0023,202309201046
117,L,0024,202305191938
118,O,0025,202310031203
119,L,0026,202312020429
120,L,0027,202308280043
121,O,0028,202303062116
122,L,0029,202306261347
123,L,0030,202308042238
124,L,0031,202311201801
125,L,0001,202307121847
126,L,0002,202301200246
127,L,0003,202303300331
128,L,0004,202302121800
129,L,0005,202301192226
130,O,0006,202312070011
131,L,0007,202303261749
132,O,0008,202301110050
133,O,0009,202306072332
134,O,0010,202312230740
135,O,0011,202308270607
136,O,0012,202308132313
137,O,0013,202311020213
138,O,0014,202305030117
139,O,0015,202310310427
140,L,0016,202310100103
141,L,0017,202303170406
142,O,0018,202312162026
143,O,0019,202305111523
144,O,0020,202303051236
145,L,0021,202302010451
146,L,0022,202301220244
147,O,0023,202305010831
148,O,0024,202309291713
149,O,0025,202303061034
150,L,0026,202308272148
151,O,0027,202311060719
152,O,0028,202303181459
153,L,0029,202305130243
154,O,0030,202312271258
155,L,0031,202307060601
156,L,0001,202310212139
157,L,0002,202309152116
158,O,0003,202303061716
159,L,0004,202301041648
160,L,0005,202308061955
161,O,0006,202304011121
162,L,0007,202305041228
163,L,0008,202303141454
164,O,0009,202309260250
165,O,0010,202303021544
166,O,0011,202307190929
167,L,0012,202311191441
168,O,0013,202311170139
169,O,0014,202309151915
170,O,0015,202307121508
171,O,0016,202309021815
172,O,0017,202312281841
173,O,0018,202310182245
174,L,0019,202303240013
175,L,0020,202302041531
176,L,0021,202310130455
177,O,0022,202312290142
178,L,0023,202310251215
179,L,0024,202307240139
180,O,0025,202304151710
181,L,0026,202306022330
182,O,0027,202305200406
183,L,0028,202306221021
184,O,0029,202307181552
185,O,0030,202302021626
186,L,0031,202310210126
187,L,0001,202306132330
188,L,0002,202304240139
189,L,0003,202311041158
190,O,0004,202303212042
191,O,0005,202307292131
192,L,0006,202312160630
193,O,0007,202301030207
194,O,0008,202307010541
195,L,0009,202305201658
196,O,0010,202310210726
197,O,0011,202310281240
198,L,0012,202305310542
199,O,0013,202305301829
200,L,0014,202302031200
201,L,0015,202301191339
202,L,0016,202302210735
203,O,0017,202303192108
204,L,0018,202310152131
205,L,0019,202301250240
206,O,0020,202302270108
207,L,0021,202305172136
208,L,0022,202309201617
209,L,0023,202304191908
210,L,0024,202303100059
211,O,0025,202311101437
212,O,0026,202308250457
213,L,0027,202307251031
214,O,0028,202311141127
215,O,0029,202306180257
216,L,0030,202312040101
217,L,0031,202305261658
218,L,0001,202304110121
219,L,0002,202308131652
220,O,0003,202303252035
221,L,0004,202310282316
222,L,0005,202308071659
223,L,0006,202312181712
224,O,0007,202312010612
225,L,0008,202309231054
226,O,0009,202307300732
227,O,0010,202305272105
228,L,0011,202306172042
229,O,0012,202302121143
230,O,0013,202301271226
231,O,0014,202305021042
232,O,0015,202309011939
233,O,0016,202309121259
234,L,0017,202303282153
235,L,0018,202304011101
236,L,0019,202307261222
237,O,0020,202307091556
238,O,0021,202310122334
239,O,0022,202302271621
240,L,0023,202312230240
241,O,0024,202302112327
242,O,0025,202305281344
243,O,0026,202308250200
244,O,0027,202308261035
245,L,0028,202307161514
246,L,0029,202305200212
247,L,0030,202305240041
248,L,0031,202301061712
249,O,0001,202310090840
250,O,0002,202307040959
251,O,0003,202308301543
252,L,0004,202301121651
253,O,0005,202308261044
254,L,0006,202301270426
255,L,0007,202307051138
256,L,0008,202301041321
257,O,0009,202308120507
258,O,0010,202307140102
259,L,0011,202308062139
260,O,0012,202307231809
261,L,0013,202303270613
262,O,0014,202306010250
263,L,0015,202310062156
264,L,0016,202310170714
265,L,0017,202303081200
266,O,0018,202304301911
267,O,0019,202308061629
268,O,0020,202305182045
269,L,0021,202310230554
270,O,0022,202312202129
271,L,0023,202302211904
272,L,0024,202312210108
273,O,0025,202302251805
274,O,0026,202303042122
275,L,0027,202311250321
276,L,0028,202307131518
277,O,0029,202312272035
278,L,0030,202301041333
279,L,0031,202304160024
280,L,0001,202305190547
281,O,0002,202308101022
282,O,0003,202302130053
283,L,0004,202310121941
284,L,0005,202310070605
285,L,0006,202307071039
286,L,0007,202311150337
287,L,0008,202312092103
288,L,0009,202301020719
289,O,0010,202308122142
290,L,0011,202308161022
291,L,0012,202304270155
292,O,0013,202306081517
293,O,0014,202305250910
294,L,0015,202308091236
295,O,0016,202312021253
296,O,0017,202301111140
297,O,0018,202304100945
298,O,0019,202312010823
299,L,0020,202312142340
300,O,0021,202311141409
301,L,0022,202312140753
302,L,0023,202304012230
303,O,0024,202303032038
304,O,0025,202312232143
305,L,0026,202301201055
306,O,0027,202303191202
307,L,0028,202307221025
308,O,0029,202308171741
309,L,0030,202312010220
310,L,0031,202310020510
311,L,0001,202301140510
312,O,0002,202312050355
313,L,0003,202304120354
314,O,0004,202312051456
315,L,0005,202302180839
316,O,0006,202303030601
317,L,0007,202312301232
318,L,0008,202305311559
319,O,0009,202311172305
320,O,0010,202312290650
321,L,0011,202312111809
322,L,0012,202301051918
323,O,0013,202310011122
324,L,0014,202302121818
325,L,0015,202306260524
326,L,0016,202302131001
327,O,0017,202311302157
328,O,0018,202304241453
329,O,0019,202309061323
330,L,0020,202302200029
331,O,0021,202306230853
332,L,0022,202310162020
333,O,0023,202310051835
334,O,0024,202305040213
335,O,0025,202307231846
336,L,0026,202307290054
337,O,0027,202311091611
338,L,0028,202302141121
339,L,0029,202308092215
340,L,0030,202305280843
341,O,0031,202303231331
342,L,0001,202308121022
343,O,0002,202308150320
344,L,0003,202304061814
345,L,0004,202305300430
346,O,0005,202305281731
347,L,0006,202301050415
348,L,0007,202307291917
349,O,0008,202310261613
350,L,0009,202305171446
351,O,0010,202309301433
352,L,0011,202310272339
353,O,0012,202311230621
354,O,0013,202308030359
355,L,0014,202302071827
356,L,0015,202309080247
357,L,0016,202302020648
358,O,0017,202307070823
359,L,0018,202312160214
360,O,0019,202307211507
361,L,0020,202311210306
362,L,0021,202311251901
363,L,0022,202302142122
364,L,0023,202303251853
365,O,0024,202304032244
366,O,0025,202310092156
367,L,0026,202305202016
368,L,0027,202304301938
369,L,0028,202310152239
370,L,0029,202301131339
371,O,0030,202307220741
372,O,0031,202303222306
373,L,0001,202303240957
374,O,0002,202304180505
375,L,0003,202307200714
376,L,0004,202310131943
377,L,0005,202312092143
378,O,0006,202310201905
379,L,0007,202310142321
380,O,0008,202309200803
381,O,0009,202307311450
382,O,0010,202307191723
383,O,0011,202303070456
384,O,0012,202306210913
385,O,0013,202304251100
386,O,0014,202309250557
387,O,0015,202302021412
388,O,0016,202302090026
389,O,0017,202303250019
390,L,0018,202305120208
391,O,0019,202310111358
392,L,0020,202307130611
393,L,0021,202301251544
394,O,0022,202307090320
395,O,0023,202303281750
396,O,0024,202311072055
397,O,0025,202301162054
398,O,0026,202302281706
399,O,0027,202308311653
400,O,0028,202303092256
401,L,0029,202307211948
402,L,0030,202310310201
403,O,0031,202310200404
404,L,0001,202309261118
405,O,0002,202310091010
406,L,0003,202301111940
407,O,0004,202308161807
408,L,0005,202308032316
409,L,0006,202307291501
410,O,0007,202308120403
411,L,0008,202306131359
412,L,0009,202301051321
413,O,0010,202303160745
414,L,0011,202310040313
415,L,0012,202307171530
416,O,0013,202306250144
417,O,0014,202303291324
418,O,0015,202303292304
419,L,0016,202306030541
420,O,0017,202310222026
421,O,0018,202307280104
422,L,0019,202307240435
423,O,0020,202307020539
424,O,0021,202306141805
425,L,0022,202301310449
426,O,0023,202307060058
427,O,0024,202312092256
428,O,0025,202304071911
429,L,0026,202308011400
430,L,0027,202309052135
431,O,0028,202308302015
432,L,0029,202306232224
433,O,0030,202302030336
434,O,0031,202306091045
435,O,0001,202306260354
436,O,0002,202303290125
437,O,0003,202303101556
438,L,0004,202306060212
439,O,0005,202306071830
440,O,0006,202305131944
441,L,0007,202301091628
442,L,0008,202303061526
443,O,0009,202302250105
444,L,0010,202304100142
445,O,0011,202310192240
446,L,0012,202310030722
447,L,0013,202302180758
448,L,0014,202309231319
449,L,0015,202308191324
450,L,0016,202306151444
451,L,0017,202312081527
452,O,0018,202309131701
453,O,0019,202311201615
454,L,0020,202307181139
455,L,0021,202305090308
456,O,0022,202310110239
457,L,0023,202307302218
458,L,0024,202312311556
459,O,0025,202310130611
460,L,0026,202311092209
461,L,0027,202304040512
462,O,0028,202302191941
463,L,0029,202304181517
464,L,0030,202305171720
465,O,0031,202306182357
466,O,0001,202306051058
467,O,0002,202312041655
468,L,0003,202309300648
469,L,0004,202311060054
470,O,0005,202305170401
471,O,0006,202306202022
472,O,0007,202307151459
473,O,0008,202312210516
474,L,0009,202308131315
475,O,0010,202312151235
476,L,0011,202308092351
477,O,0012,202311290402
478,O,0013,202311040554
479,L,0014,202310210403
480,O,0015,202309072350
481,O,0016,202310140827
482,L,0017,202309281814
483,L,0018,202301130628
484,L,0019,202312180641
485,O,0020,202312252059
486,O,0021,202301080230
487,L,0022,202307100246
488,O,0023,202309210604
489,O,0024,202301061829
490,L,0025,202310230839
491,O,0026,202303262209
492,O,0027,202302200656
493,O,0028,202307110425
494,O,0029,202309172132
495,O,0030,202310250924
496,L,0031,202301270859
497,L,0001,202301151406
498,O,0002,202302091900
499,L,0003,202309171821
500,O,0004,202307170937
501,L,0005,202311141743
502,L,0006,202309031016
503,L,0007,202312101143
504,L,0008,202310301007
505,O,0009,202304101456
506,L,0010,202309240037
507,L,0011,202305232125
508,L,0012,202311171720
509,L,0013,202303041651
510,O,0014,202305102015
511,L,0015,202303191702
512,O,0016,202311042123
513,L,0017,202302101259
514,L,0018,202307090624
515,L,0019,202311080445
516,L,0020,202307140850
517,O,0021,202306120501
518,L,0022,202308261552
519,L,0023,202305161624
520,O,0024,202303160050
521,L,0025,202307051218
522,L,0026,202310311024
523,O,0027,202303221453
524,O,0028,202309182113
525,O,0029,202308050516
526,L,0030,202310280521
527,O,0031,202304190614
528,L,0001,202303262214
529,L,0002,202310020627
530,L,0003,202303081838
531,L,0004,202309180752
532,L,0005,202311270604
533,L,0006,202310092028
534,O,0007,202307122219
535,O,0008,202302032355
536,L,0009,202301051340
537,L,0010,202305262031
538,L,0011,202306250247
539,O,0012,202307091223
540,O,0013,202307191809
541,O,0014,202309221740
542,L,0015,202311090413
543,L,0016,202309211716
544,O,0017,202301120218
545,O,0018,202301280824
546,L,0019,202302241857
547,L,0020,202303062039
548,O,0021,202301100545
549,L,0022,202311181926
550,L,0023,202307110536
551,O,0024,202301080335
552,L,0025,202308281745
553,L,0026,202304211659
554,O,0027,202311071904
555,L,0028,202306131731
556,L,0029,202311101709
557,O,0030,202304180015
558,O,0031,202311011831
559,O,0001,202303241336
560,L,0002,202310131956
561,L,0003,202311041623
562,L,0004,202312201156
563,O,0005,202310250730
564,L,0006,202310051059
565,L,0007,202302102125
566,L,0008,202304152010
567,L,0009,202306132237
568,L,0010,202312130809
569,O,0011,202312262328
570,L,0012,202303141233
571,L,0013,202311250318
572,O,0014,202304172153
573,O,0015,202306230212
574,L,0016,202305171251
575,O,0017,202311030830
576,O,0018,202307312202
577,L,0019,202306240602
578,L,0020,202311051221
579,L,0021,202310061225
580,O,0022,202311220455
581,O,0023,202301230550
582,O,0024,202302201840
583,O,0025,202302041405
584,L,0026,202307200338
585,O,0027,202307261423
586,O,0028,202310270031
587,L,0029,202306220035
588,L,0030,202308010625
589,L,0031,202310222054
590,L,0001,202302120327
591,L,0002,202312032125
592,O,0003,202307011551
593,O,0004,202302241225
594,O,0005,202305112123
595,O,0006,202306210642
596,O,0007,202309090658
597,O,0008,202311100005
598,O,0009,202302051103
599,O,0010,202302161706
600,O,0011,202307230935
601,O,0012,202306090419
602,O,0013,202304091943
603,L,0014,202303220003
604,L,0015,202309231526
605,L,0016,202311090445
606,O,0017,202309132322
607,O,0018,202308171713
608,L,0019,202308052103
609,L,0020,202308260509
610,O,0021,202301010420
611,O,0022,202302281205
612,O,0023,202301152237
613,L,0024,202305030856
614,L,0025,202301011416
615,L,0026,202301052242
616,O,0027,202303301500
617,O,0028,202306290839
618,O,0029,202302250536
619,L,0030,202306150426
620,O,0031,202303281001
621,L,0001,202306050625
622,L,0002,202312140758
623,O,0003,202304022136
624,L,0004,202303220248
625,O,0005,202311270251
626,O,0006,202303180507
627,O,0007,202310292345
628,L,0008,202311032108
629,L,0009,202307121945
630,O,0010,202306211711
631,O,0011,202303090443
632,L,0012,202304070658
633,L,0013,202305101807
634,L,0014,202305191725
635,O,0015,202301090007
636,L,0016,202312301320
637,L,0017,202309231236
638,O,0018,202311092317
639,L,0019,202309291705
640,L,0020,202306051912
641,L,0021,202305301913
642,O,0022,202312160021
643,O,0023,202306230152
644,O,0024,202305280816
645,O,0025,202305272024
646,O,0026,202301050117
647,O,0027,202308040843
648,L,0028,202302101010
649,L,0029,202310171845
650,O,0030,202302020051
651,L,0031,202307101521
652,O,0001,202302182009
653,L,0002,202311040454
654,L,0003,202310150740
655,O,0004,202305200541
656,O,0005,202303011506
657,O,0006,202309021948
658,O,0007,202304110021
659,O,0008,202303032031
660,L,0009,202310030240
661,L,0010,202310181012
662,O,0011,202305030148
663,L,0012,202303121426
664,O,0013,202308311808
665,L,0014,202311232237
666,L,0015,202301130245
667,L,0016,202307271649
668,L,0017,202307070653
669,L,0018,202308180332
670,L,0019,202304240519
671,L,0020,202303302110
672,O,0021,202311011826
673,O,0022,202309031547
674,L,0023,202304101401
675,O,0024,202302160431
676,O,0025,202312130731
677,O,0026,202311210627
678,L,0027,202305050659
679,L,0028,202306230238
680,L,0029,202312121123
681,O,0030,202309190041
682,L,0031,202301260635
683,L,0001,202311172253
684,O,0002,202301311545
685,L,0003,202309062123
686,O,0004,202303150027
687,L,0005,202308310806
688,O,0006,202310250600
689,L,0007,202307011710
690,O,0008,202302170817
691,O,0009,202312260253
692,L,0010,202307120416
693,O,0011,202302240712
694,O,0012,202302020233
695,O,0013,202305020750
696,O,0014,202307110600
697,O,0015,202312181931
698,L,0016,202308070459
699,O,0017,202309071504
700,L,0018,202308130121
701,L,0019,202307051012
702,L,0020,202302161346
703,O,0021,202311080151
704,L,0022,202301170716
705,L,0023,202303070125
706,L,0024,202312260936
707,O,0025,202302080147
708,O,0026,202302131927
709,O,0027,202305051734
710,L,0028,202305311454
711,O,0029,202310070510
712,L,0030,202310271203
713,O,0031,202309151435
714,L,0001,202301100050
715,L,0002,202302130441
716,L,0003,202301100934
717,O,0004,202306041944
718,L,0005,202310300059
719,L,0006,202311270909
720,L,0007,202310012109
721,O,0008,202302100740
722,O,0009,202305070320
723,O,0010,202307281820
724,L,0011,202310040629
725,O,0012,202303270615
726,O,0013,202308171220
727,L,0014,202310171015
728,O,0015,202306071146
729,L,0016,202301231117
730,O,0017,202304151244
731,O,0018,202311202031
732,L,0019,202304131114
733,O,0020,202305080455
734,L,0021,202302041616
735,O,0022,202309020056
736,O,0023,202311061518
737,L,0024,202302061833
738,O,0025,202304122255
739,O,0026,202305270432
740,L,0027,202302042355
741,L,0028,202303210548
742,O,0029,202304061459
743,O,0030,202301091632
744,L,0031,202302041128
745,O,0001,202307312113
746,O,0002,202303071154
747,L,0003,202303091115
748,L,0004,202311241051
749,L,0005,202305200850
750,O,0006,202303072222
751,L,0007,202312300931
752,L,0008,202304170343
753,L,0009,202307260857
754,O,0010,202302151647
755,O,0011,202304162230
756,L,0012,202305221236
757,L,0013,202310031246
758,L,0014,202311080924
759,O,0015,202306011540
760,L,0016,202303202103
761,L,0017,202305141859
762,L,0018,202301080327
763,L,0019,202301271447
764,L,0020,202303180953
765,O,0021,202304280652
766,L,0022,202303221732
767,L,0023,202304240722
768,L,0024,202311280613
769,L,0025,202306140350
770,O,0026,202305181703
771,L,0027,202302140127
772,L,0028,202311241806
773,L,0029,202312221908
774,L,0030,202306100834
775,O,0031,202307291446
776,O,0001,202312161133
777,L,0002,202301091429
778,O,0003,202310310328
779,L,0004,202307270741
780,O,0005,202304261839
781,O,0006,202311302123
782,L,0007,202307112237
783,O,0008,202310042111
784,L,0009,202309060709
785,O,0010,202302051714
786,L,0011,202309262310
787,O,0012,202302132112
788,O,0013,202308270223
789,L,0014,202304242223
790,L,0015,202301222007
791,O,0016,202304301253
792,O,0017,202309071541
793,O,0018,202301181409
794,O,0019,202310050745
795,L,0020,202301011950
796,O,0021,202303161919
797,L,0022,202311152025
798,L,0023,202310022219
799,O,0024,202306140026
800,O,0025,202310042322
801,O,0026,202305170813
802,L,0027,202304081744
803,L,0028,202309222311
804,L,0029,202305201647
805,O,0030,202309271421
806,O,0031,202308040150
807,O,0001,202307200150
808,O,0002,202302101826
809,L,0003,202303102139
810,L,0004,202308010541
811,O,0005,202305080913
812,L,0006,202305260409
813,L,0007,202306011946
814,O,0008,202304290220
815,L,0009,202305281025
816,O,0010,202310060903
817,L,0011,202311090622
818,L,0012,202305231528
819,L,0013,202309222040
820,L,0014,202304091325
821,O,0015,202308072103
822,L,0016,202312181521
823,O,0017,202311280608
824,L,0018,202307290222
825,L,0019,202309191402
826,L,0020,202306180519
827,L,0021,202304222240
828,O,0022,202309052253
829,O,0023,202302231448
830,L,0024,202309050325
831,O,0025,202307180353
832,O,0026,202303221901
833,L,0027,202304271427
834,L,0028,202301290726
835,L,0029,202308071125
836,L,0030,202309040604
837,O,0031,202306071227
838,L,0001,202302161408
839,L,0002,202307171224
840,L,0003,202302181239
841,L,0004,202308280847
842,O,0005,202304070507
843,L,0006,202302081819
844,L,0007,202308241359
845,L,0008,202304230455
846,L,0009,202301121530
847,O,0010,202311031016
848,L,0011,202308310743
849,O,0012,202301220626
850,L,0013,202302180447
851,L,0014,202312260858
852,L,0015,202307090722
853,L,0016,202312291115
854,L,0017,202303150328
855,O,0018,202311141247
856,O,0019,202309221950
857,O,0020,202312152147
858,O,0021,202308191926
859,L,0022,202305310508
860,O,0023,202302161853
861,O,0024,202309250035
862,O,0025,202309300907
863,L,0026,202308060001
864,O,0027,202307311425
865,L,0028,202308310950
866,L,0029,202305270917
867,O,0030,202308231600
868,O,0031,202308100438
869,O,0001,202309231554
870,L,0002,202305172036
871,O,0003,202307290823
872,L,0004,202307102155
873,O,0005,202310110503
874,L,0006,202301131839
875,L,0007,202309062056
876,L,0008,202308221353
877,L,0009,202301090339
878,O,0010,202308311625
879,O,0011,202306071512
880,L,0012,202303222109
881,O,0013,202304290109
882,L,0014,202302242330
883,L,0015,202312140421
884,O,0016,202309191515
885,L,0017,202301221041
886,L,0018,202308311747
887,O,0019,202302090145
888,L,0020,202301181719
889,L,0021,202312170113
890,O,0022,202310141127
891,O,0023,202304131431
892,L,0024,202304120449
893,O,0025,202309270907
894,O,0026,202307120958
895,O,0027,202305171118
896,O,0028,202305120505
897,L,0029,202306191854
898,O,0030,202308090128
899,L,0031,202304090143
900,L,0001,202309051932
901,O,0002,202306251948
902,O,0003,202301160822
903,O,0004,202306190458
904,O,0005,202306061913
905,O,0006,202312280828
906,L,0007,202312111154
907,O,0008,202301090556
908,L,0009,202312080552
909,L,0010,202307241014
910,L,0011,202303242137
911,O,0012,202304110642
912,L,0013,202303060451
913,O,0014,202311140755
914,L,0015,202312081055
915,O,0016,202312131612
916,L,0017,202308171735
917,O,0018,202305112031
918,O,0019,202303041530
919,L,0020,202301131351
920,L,0021,202302100346
921,O,0022,202310121908
922,L,0023,202311011730
923,O,0024,202311031625
924,O,0025,202306141031
925,L,0026,202312310403
926,O,0027,202311260624
927,O,0028,202302281321
928,L,0029,202312060400
929,L,0030,202303190406
930,L,0031,202308271751
931,O,0001,202307111425
932,O,0002,202302011725
933,O,0003,202312050903
934,O,0004,202310311529
935,O,0005,202306182046
936,L,0006,202304211512
937,O,0007,202308060605
938,L,0008,202308010248
939,L,0009,202309072225
940,O,0010,202310121655
941,O,0011,202308282343
942,L,0012,202306221025
943,L,0013,202301220831
944,O,0014,202311102005
945,O,0015,202310231700
946,L,0016,202308272216
947,L,0017,202302230606
948,O,0018,202311181144
949,L,0019,202306040010
950,O,0020,202302021733
951,O,0021,202311271956
952,L,0022,202306010500
953,O,0023,202309181143
954,O,0024,202310310937
955,L,0025,202305160513
956,O,0026,202307231247
957,O,0027,202304060406
958,O,0028,202312081051
959,L,0029,202306060125
960,O,0030,202309150119
961,O,0031,202307141218
962,L,0001,202310150559
963,O,0002,202302270307
964,O,0003,202311220531
965,L,0004,202307100440
966,L,0005,202311181514
967,O,0006,202301200727
968,O,0007,202301280434
969,L,0008,202312091955
970,L,0009,202303060116
971,O,0010,202311181247
972,L,0011,202302271536
973,O,0012,202301271323
974,L,0013,202312171751
975,L,0014,202308090244
976,O,0015,202310231123
977,O,0016,202312142343
978,L,0017,202310301213
979,O,0018,202303021851
980,O,0019,202309150823
981,O,0020,202311241338
982,O,0021,202309151540
983,L,0022,202305030704
984,L,0023,202301051712
985,L,0024,202303252320
986,O,0025,202304040033
987,O,0026,202310091632
988,L,0027,202305152109
989,L,0028,202301281318
990,L,0029,202302091418
991,L,0030,202305200806
992,O,0031,202304120118
993,O,0001,202310282352
994,O,0002,202303060952
995,L,0003,202312062041
996,L,0004,202302071608
997,L,0005,202308010030
998,O,0006,202302090830
999,L,0007,202310271302
1000,L,0008,202308160307
1001,O,0009,202306091407
1002,O,0010,202309160004
1003,O,0011,202306301819
1004,L,0012,202301181124
1005,L,0013,202306150359
1006,L,0014,202303022110
1007,O,0015,202302050616
1008,O,0016,202305030035
1009,L,0017,202306260252
1010,O,0018,202302280121
1011,L,0019,202309060001
1012,L,0020,202306241220
1013,L,0021,202312201808
1014,L,0022,202302101746
1015,L,0023,202305260617
1016,O,0024,202307230733
1017,O,0025,202301011459
1018,L,0026,202301080051
1019,L,0027,202305090120
1020,L,0028,202306291745
1021,O,0029,202303141321
1022,L,0030,202305062152
1023,O,0031,202310070728
1024,L,0001,202306081709
1025,O,0002,202305171836
1026,O,0003,202303170706
1027,L,0004,202307191543
1028,O,0005,202307151845
1029,O,0006,202304082259
1030,L,0007,202304100401
1031,L,0008,202309301328
1032,O,0009,202309290355
1033,L,0010,202305250115
1034,O,0011,202310241236
1035,L,0012,202311191209
1036,L,0013,202306232140
1037,O,0014,202302061420
1038,L,0015,202308140520
1039,O,0016,202310272029
1040,L,0017,202301210519
1041,L,0018,202308291238
1042,L,0019,202301090015
1043,O,0020,202306271112
1044,O,0021,202301151828
1045,O,0022,202305241020
1046,L,0023,202302070615
1047,L,0024,202305280155
1048,O,0025,202309270417
1049,O,0026,202305211613
1050,L,0027,202309080529
1051,O,0028,202307230625
1052,L,0029,202305310040
1053,L,0030,202310190251
1054,O,0031,202306160024
1055,L,0001,202306190603
1056,L,0002,202309191525
1057,O,0003,202306122232
1058,L,0004,202301120134
1059,O,0005,202307231855
1060,O,0006,202305030925
1061,O,0007,202305070847
1062,L,0008,202307241016
1063,L,0009,202307112006
1064,L,0010,202312120127
1065,O,0011,202303261443
1066,O,0012,202311240246
1067,L,0013,202312101613
1068,O,0014,202310281921
1069,O,0015,202303090551
1070,L,0016,202301310855
1071,L,0017,202312032053
1072,O,0018,202310150437
1073,L,0019,202308231955
1074,L,0020,202302220102
1075,O,0021,202312020825
1076,O,0022,202303050644
1077,L,0023,202301100407
1078,O,0024,202312011749
1079,L,0025,202303141333
1080,L,0026,202307110102
1081,L,0027,202302261751
1082,O,0028,202303301751
1083,O,0029,202303221044
1084,L,0030,202312311922
1085,O,0031,202301030729
1086,L,0001,202302151551
1087,O,0002,202304271802
1088,O,0003,202312140801
1089,L,0004,202303151407
1090,O,0005,202304080413
1091,L,0006,202303310113
1092,L,0007,202303290915
1093,O,0008,202305092055
1094,O,0009,202307220213
1095,L,0010,202305052159
1096,O,0011,202307091342
1097,L,0012,202310151438
1098,O,0013,202304191046
1099,O,0014,202307220050
1100,L,0015,202311041501
1101,O,0016,202301121353
1102,L,0017,202301070835
1103,O,0018,202301171426
1104,O,0019,202309160451
1105,L,0020,202301121024
1106,L,0021,202303250956
1107,O,0022,202301222319
1108,L,0023,202302011747
1109,L,0024,202302100800
1110,O,0025,202304261611
1111,L,0026,202301101928
1112,O,0027,202308290817
1113,L,0028,202304090611
1114,O,0029,202303101904
1115,O,0030,202302271844
1116,O,0031,202304241615
1117,O,0001,202306292011
1118,L,0002,202307232130
1119,O,0003,202303071051
1120,L,0004,202305191253
1121,L,0005,202308070301
1122,O,0006,202312091325
1123,O,0007,202306151156
1124,O,0008,202303031005
1125,O,0009,202302121211
1126,L,0010,202309122059
1127,L,0011,202303220101
1128,L,0012,202311182241
1129,L,0013,202310141359
1130,L,0014,202312241332
1131,L,0015,202307191115
1132,L,0016,202307262003
1133,L,0017,202311061547
1134,O,0018,202301072332
1135,L,0019,202309231708
1136,O,0020,202308291743
1137,O,0021,202312241426
1138,L,0022,202309051903
1139,L,0023,202301301556
1140,L,0024,202306081129
1141,L,0025,202307090254
1142,L,0026,202312082346
1143,L,0027,202302201742
1144,O,0028,202303180233
1145,L,0029,202309170903
1146,L,0030,202308170515
1147,O,0031,202306261813
1148,L,0001,202307291100
1149,O,0002,202307182103
1150,O,0003,202303101312
1151,O,0004,202308311329
1152,L,0005,202312081717
1153,O,0006,202310221507
1154,L,0007,202311291148
1155,L,0008,202301161615
1156,O,0009,202308141031
1157,O,0010,202305080535
1158,L,0011,202301241136
1159,O,0012,202302010214
1160,L,0013,202301151002
1161,O,0014,202312260231
1162,L,0015,202305040536
1163,L,0016,202307241155
1164,O,0017,202308100758
1165,L,0018,202306242010
1166,L,0019,202308232341
1167,L,0020,202312030427
1168,L,0021,202309151532
1169,L,0022,202302141504
1170,O,0023,202312210232
1171,L,0024,202305020833
1172,O,0025,202308021945
1173,L,0026,202302201029
1174,L,0027,202305092132
1175,L,0028,202306200258
1176,L,0029,202309050639
1177,L,0030,202309050336
1178,O,0031,202310080841
1179,O,0001,202307021232
1180,O,0002,202308031608
1181,L,0003,202309040147
1182,L,0004,202307080855
1183,L,0005,202309270926
1184,O,0006,202305190253
1185,L,0007,202307191802
1186,L,0008,202312290444
1187,O,0009,202312052338
1188,O,0010,202309182239
1189,L,0011,202303240140
1190,O,0012,202311021951
1191,L,0013,202311240213
1192,L,0014,202306270730
1193,O,0015,202303020230
1194,O,0016,202310040416
1195,O,0017,202311231035
1196,O,0018,202303081838
1197,O,0019,202306051903
1198,L,0020,202306190215
1199,O,0021,202312171531
1200,L,0022,202301311039
1201,O,0023,202312091439
1202,L,0024,202301311440
1203,O,0025,202302230253
1204,L,0026,202301041846
1205,O,0027,202311201837
1206,L,0028,202310051706
1207,O,0029,202306221327
1208,O,0030,202302190547
1209,O,0031,202304231251
1210,O,0001,202308240014
1211,L,0002,202306170844
1212,O,0003,202312011952
1213,L,0004,202304211101
1214,L,0005,202306300644
1215,L,0006,202308300445
1216,L,0007,202302100543
1217,O,0008,202302231803
1218,L,0009,202310220335
1219,O,0010,202312270144
1220,L,0011,202306290053
1221,O,0012,202306110108
1222,L,0013,202312201345
1223,L,0014,202306081105
1224,O,0015,202307131453
1225,L,0016,202303041507
1226,O,0017,202306270920
1227,L,0018,202309091724
1228,L,0019,202309240649
1229,O,0020,202308272051
1230,O,0021,202311132248
1231,O,0022,202308110548
1232,L,0023,202310030056
1233,L,0024,202311021336
1234,O,0025,202302151008
1235,O,0026,202310302209
1236,O,0027,202308251743
1237,L,0028,202311081724
1238,L,0029,202305230304
1239,L,0030,202309172149
1240,L,0031,202301100254
1241,O,0001,202301250250
1242,O,0002,202301120351
1243,O,0003,202312262342
1244,L,0004,202306190748
1245,L,0005,202312090700
1246,L,0006,202308231455
1247,O,0007,202310100435
1248,O,0008,202311270046
1249,O,0009,202303222127
1250,L,0010,202301271639
