date,visitorCount
2023-01-01,4
2023-01-02,1
2023-01-03,2
2023-01-04,4
2023-01-05,8
2023-01-06,2
2023-01-07,2
2023-01-08,6
2023-01-09,7
2023-01-10,7
2023-01-11,3
2023-01-12,7
2023-01-13,5
2023-01-14,1
2023-01-15,5
2023-01-16,3
2023-01-17,2
2023-01-18,3
2023-01-19,2
2023-01-20,4
2023-01-21,1
2023-01-22,6
2023-01-23,2
2023-01-24,1
2023-01-25,3
2023-01-26,2
2023-01-27,6
2023-01-28,4
2023-01-29,1
2023-01-30,1
2023-01-31,6
2023-02-01,4
2023-02-02,6
2023-02-03,3
2023-02-04,5
2023-02-05,3
2023-02-06,2
2023-02-07,4
2023-02-08,2
2023-02-09,5
2023-02-10,9
2023-02-11,1
2023-02-12,6
2023-02-13,5
2023-02-14,4
2023-02-15,3
2023-02-16,6
2023-02-17,2
2023-02-18,5
2023-02-19,2
2023-02-20,5
2023-02-21,2
2023-02-22,2
2023-02-23,4
2023-02-24,4
2023-02-25,3
2023-02-26,1
2023-02-27,6
2023-02-28,5
2023-03-01,1
2023-03-02,4
2023-03-03,5
2023-03-04,4
2023-03-05,2
2023-03-06,8
2023-03-07,5
2023-03-08,3
2023-03-09,4
2023-03-10,7
2023-03-12,1
2023-03-14,5
2023-03-15,4
2023-03-16,3
2023-03-17,2
2023-03-18,4
2023-03-19,5
2023-03-20,1
2023-03-21,2
2023-03-22,10
2023-03-23,1
2023-03-24,6
2023-03-25,5
2023-03-26,4
2023-03-27,2
2023-03-28,3
2023-03-29,5
2023-03-30,4
2023-03-31,2
2023-04-01,3
2023-04-02,1
2023-04-03,2
2023-04-04,2
2023-04-06,3
2023-04-07,3
2023-04-08,3
2023-04-09,4
2023-04-10,5
2023-04-11,4
2023-04-12,6
2023-04-13,3
2023-04-15,3
2023-04-16,4
2023-04-17,2
2023-04-18,3
2023-04-19,4
2023-04-21,3
2023-04-22,1
2023-04-23,2
2023-04-24,8
2023-04-25,1
2023-04-26,2
2023-04-27,3
2023-04-28,2
2023-04-29,2
2023-04-30,3
2023-05-01,1
2023-05-02,3
2023-05-03,6
2023-05-04,3
2023-05-05,3
2023-05-06,1
2023-05-07,2
2023-05-08,3
2023-05-09,4
2023-05-10,2
2023-05-11,3
2023-05-12,2
2023-05-13,3
2023-05-14,1
2023-05-15,2
2023-05-16,2
2023-05-17,9
2023-05-18,3
2023-05-19,5
2023-05-20,8
2023-05-21,2
2023-05-22,1
2023-05-23,3
2023-05-24,2
2023-05-25,3
2023-05-26,4
2023-05-27,4
2023-05-28,6
2023-05-30,4
2023-05-31,5
2023-06-01,4
2023-06-02,2
2023-06-03,1
2023-06-04,2
2023-06-05,4
2023-06-06,3
2023-06-07,5
2023-06-08,4
2023-06-09,3
2023-06-10,1
2023-06-11,1
2023-06-12,2
2023-06-13,4
2023-06-14,6
2023-06-15,4
2023-06-16,2
2023-06-17,2
2023-06-18,4
2023-06-19,5
2023-06-20,2
2023-06-21,3
2023-06-22,4
2023-06-23,7
2023-06-24,3
2023-06-25,3
2023-06-26,5
2023-06-27,4
2023-06-29,4
2023-06-30,3
2023-07-01,3
2023-07-02,3
2023-07-03,1
2023-07-04,2
2023-07-05,4
2023-07-06,2
2023-07-07,3
2023-07-08,1
2023-07-09,8
2023-07-10,4
2023-07-11,7
2023-07-12,6
2023-07-13,3
2023-07-14,3
2023-07-15,2
2023-07-16,1
2023-07-17,3
2023-07-18,4
2023-07-19,6
2023-07-20,3
2023-07-21,3
2023-07-22,4
2023-07-23,8
2023-07-24,5
2023-07-25,1
2023-07-26,5
2023-07-27,2
2023-07-28,2
2023-07-29,8
2023-07-30,2
2023-07-31,4
2023-08-01,6
2023-08-02,1
2023-08-03,4
2023-08-04,3
2023-08-05,2
2023-08-06,5
2023-08-07,5
2023-08-08,1
2023-08-09,5
2023-08-10,3
2023-08-11,2
2023-08-12,4
2023-08-13,4
2023-08-14,2
2023-08-15,1
2023-08-16,4
2023-08-17,5
2023-08-18,2
2023-08-19,3
2023-08-22,1
2023-08-23,5
2023-08-24,2
2023-08-25,4
2023-08-26,4
2023-08-27,6
2023-08-28,4
2023-08-29,5
2023-08-30,3
2023-08-31,8
